0.812200,0.454582,-1.814791,-0.504286,-1.032145,0.325807,-0.248142,0.552743,-0.689498,0.346534,1.728885,1.219189,-0.646694,1.646941,0.012887,-0.559865,-0.763214,3.244684,1.901799,-0.707926,1.761123,0.056582,0.313209,1.078937,-1.143373,-1.160115,-0.490959,-0.747433,-1.195432,1.008728,0.127496,-1.472616,-0.922282,2.944873,0.218018,0.279213,0.380852,0.226201,-0.154723,-0.688920,-0.105000,0.397084,0.199171,0.634871,-0.443611,-0.072088,0.692057,-0.375428,1.191247,0.843056,0.381280,-1.124641,-0.219666,1.252622,-0.068228,-0.330102,0.894186,-1.343261,-0.634659,-0.261782,-2.388186,-0.166941,0.845708,-0.740778,-1.112917,-0.463669,0.033699,-2.028343,-0.695549,-0.349269,-0.119093,1.236014,0.088685,-1.530920,-0.808493,-0.288838,-0.613344,0.157666,1.399738,1.453365,-0.372254,-0.666158,1.279718,-1.411982,0.260027,-1.795497,-0.195745,1.469605,-0.230362,0.537050,-0.262962,0.853455,-1.428362,-0.155213,-0.185055,-0.630581,-0.472987,-0.312206,0.860256,0.009619,0.085913,-1.552856,0.335922,-0.201293,0.203569,-1.505004,1.540399,-0.560026,-0.984899,-0.801935,-0.951478,0.696850,0.185896,-0.229379,0.930915,-0.274153,1.030066,-0.369340,1.042365,1.030199,-0.552967,-0.052293,-1.765139,0.810828,-0.600526,-0.808311,-0.595878,1.141048,-2.568833,0.422861,1.169076,-0.046580,-1.202561,-1.264675,1.155674,0.518767,-0.138414,0.089927,0.029093,-1.604528,0.028224,-1.102020,0.313355,-0.602435,0.467116,-0.251512,-0.502023,-0.570620,0.042653,-0.317390,-0.783314,-2.119301,-1.096448,-0.742494,-0.460194,0.777021,0.418594,0.076013,-0.249763,-1.777661,-2.241114,-0.093788,-0.752187,0.679208,1.138732,-0.035691,-0.508324,1.488355,0.030992,0.118951,0.875507,0.252571,-0.879471,-0.514451,-1.591138,-0.544385,-0.458634,-0.937623,2.436523,-0.594657,0.489496,0.451444,-0.980497,-1.034679,0.109497,-0.726415,0.035181,-0.818887,-0.515957,0.037733,-0.194951,0.797218,-0.460872,1.183863,-0.509553,-1.609664,-0.459108,-0.822114,-2.168206,1.665406,-1.436630,-2.426743,0.125267,-0.242125,0.747219,0.262774,0.203321,0.799343,-0.290945,0.660687,-0.957178,-2.543044,0.117578,-0.234459,-0.178643,-1.035433,1.209752,0.706063,-1.957639,0.218321,0.201611,-0.118401,1.045594,1.369015,0.574248,-0.229417,-0.700133,-0.080433,0.346978,-0.378224,-0.873004,-0.329968,0.008544,0.226096,-0.098754,0.015740,0.166552,0.337905,0.576999,0.069429,0.146124,0.936833,0.814787,0.077373,1.187426,-0.705232,-0.029752,-2.171534,1.053825,-1.032221,0.117067,0.431738,-0.013807,0.577622,1.983134,-0.384095
-0.585091,0.350395,-0.519032,-0.366499,-1.562822,0.108582,0.057524,-0.455331,0.914270,1.873246,-0.232175,-0.407029,0.715953,-0.985948,-0.733634,0.020805,0.344339,-0.548209,-1.402139,-2.326628,-0.848216,0.239895,-0.011122,-1.189220,-0.217525,-0.191974,-0.130638,-0.003520,-0.690720,-0.070530,0.024736,-1.259139,0.942524,-1.459347,-0.662128,-0.414002,0.100798,0.409805,1.447663,0.404044,1.117173,0.513393,-0.188668,-0.675268,-0.089382,0.025366,0.898787,-0.176596,1.226578,-0.959327,-0.361867,-0.394437,-0.034980,1.051660,0.203368,-0.333855,-0.336846,-0.551259,-0.002076,-0.148044,0.572562,0.374354,-0.725305,-0.444300,-0.364253,0.419757,-0.939359,-1.446315,0.087932,0.272319,-2.447186,-0.192066,0.136980,-0.622708,0.715701,0.106594,0.221361,0.933146,0.786585,-0.298657,0.191709,0.044510,0.465219,0.329942,-0.436710,-0.051956,-0.428118,-0.295959,0.066144,0.832108,0.189809,0.105329,-0.015808,-0.805373,-1.096507,1.276367,-0.089645,-0.503741,0.305979,-0.080725,-0.028901,-2.183429,0.172159,-1.706147,-0.348951,-0.131573,-1.146864,-0.382640,-0.298218,-0.821679,0.308525,-0.350574,-0.186923,0.009350,0.638792,0.285602,0.157917,-0.007597,1.052892,-0.998400,0.464671,0.090108,-1.247103,-0.041838,0.864750,-0.348007,0.132739,-1.253875,0.063374,0.214301,-0.111811,-0.721804,-0.343737,-0.665994,-0.578370,-0.833230,-0.040274,-1.248985,-0.248188,0.682213,0.081072,0.393254,-0.556102,-0.003891,0.031839,-0.248699,-0.039762,-0.369517,-1.679908,-0.148376,0.229567,-2.878677,-1.325459,0.733528,-0.560444,0.544778,0.741790,-0.670310,-0.189534,-1.023766,-0.760862,-0.078714,-0.378760,0.665513,0.043709,0.267682,0.848084,-1.364948,0.425999,-0.078715,-0.017679,-0.145458,-1.260006,0.701736,-0.203365,-1.420495,0.240975,-0.441242,-0.984727,0.709785,0.643131,-0.350055,0.406184,0.372838,-0.114039,-1.512936,-1.386391,-0.335200,0.127975,-0.411869,-0.835899,0.046172,0.298208,-1.065844,0.432069,0.369047,0.346421,-0.744198,0.203193,1.063520,-0.353990,-1.089205,-0.006120,0.031521,0.053159,-0.029737,0.312390,0.660075,0.428991,-0.638764,0.048679,-0.930256,-0.053840,0.302630,0.462085,-1.422401,-0.442405,0.028666,-0.548583,0.477512,-0.596274,0.138658,-0.176836,-1.069697,1.438914,0.893434,1.329425,1.178823,-2.022719,0.121453,0.097980,-0.649227,0.211142,0.536508,0.065347,0.593995,0.451817,-0.287417,0.036766,0.041094,0.699720,-0.260824,0.941325,0.204793,0.840113,-0.186897,-0.191071,1.714358,-0.902924,-0.712391,-0.299636,0.754093,0.179714,0.738284,-0.085816,-0.446781
-0.127638,-0.109776,1.070101,0.548286,0.154724,0.033835,-0.007932,1.168694,-0.815127,-0.234612,0.173280,0.273625,0.517550,1.052106,-1.190083,-0.607225,-1.610118,0.492170,-0.637555,-1.402360,0.160188,0.373764,0.057997,1.653640,-0.165858,-0.348626,-0.508270,0.105828,-1.643501,-0.105910,-0.234277,0.005446,0.644834,-0.462534,0.363663,0.997504,0.138950,0.462148,0.281680,-0.161795,2.031966,0.362351,0.293909,0.143842,-0.782751,0.700878,0.762707,-0.303058,1.007344,-0.853274,-0.098950,-1.164598,0.418391,0.547681,-0.479783,0.637089,0.211660,0.182223,-0.032703,-0.789625,0.937476,0.485881,-1.680928,-0.303005,-1.315846,-0.409766,-1.259655,-0.578966,0.443771,0.395375,-1.201866,0.924474,-0.131791,-0.627738,0.522300,1.074447,-0.426837,0.815005,-0.793024,0.056861,-0.206057,-0.891624,0.332773,0.382914,0.020475,-0.078150,-0.575234,-1.944445,-0.931529,0.993307,-0.581916,0.101979,-0.063132,1.586912,-0.590714,-0.131494,-0.296856,-0.314349,0.564620,-0.314604,-1.608725,0.363827,1.226834,-1.631476,-0.421042,0.438736,-0.159455,0.275313,0.139341,-0.284627,1.804488,-1.189794,-0.228765,-0.491674,-0.467477,-1.014368,0.788646,-0.007388,0.645667,0.376902,-2.400710,-0.977486,-0.874966,-0.648363,-0.374275,-1.193872,-0.977572,-0.151546,-1.146340,0.385283,0.437204,0.040066,0.825238,-0.105111,-0.765413,-1.022273,-0.568702,0.339361,1.214793,-1.066209,0.729369,-1.679158,0.033795,-0.101612,-2.151018,-0.088791,1.669936,-0.315900,-0.509191,-0.457799,-0.174383,-3.057710,-0.193080,-0.623505,0.516727,0.011437,-0.800744,-0.546132,0.532884,-1.484458,-0.886157,-0.229077,-0.705593,0.043198,0.178917,-0.200798,0.289743,-2.205980,0.410960,-0.076885,-1.154937,-1.016878,-1.506945,0.353338,1.301016,-0.393920,0.951515,-0.417494,-0.482258,-0.833265,0.320285,-1.274629,0.691033,0.326617,0.460960,0.101364,0.121021,-0.143374,-0.231570,0.609229,0.424844,1.331870,0.380365,-0.792403,0.694092,0.033499,0.123173,-1.589490,-0.516680,0.586115,-1.175111,-0.507643,-0.856423,1.030512,0.106202,0.115552,0.456088,-0.723049,-0.372081,1.148668,-1.819443,-0.988801,-1.401154,0.054213,-0.332681,-1.904662,-0.527179,-0.938833,-1.490407,0.890635,0.181756,-0.492318,0.492107,0.182880,0.347220,2.429064,0.414046,-0.544876,-1.944706,0.725396,0.839405,-0.247873,0.179743,0.300464,-0.494989,0.540938,-0.964144,-0.629092,-0.789123,-0.355128,0.965098,-1.800723,0.030350,0.041829,-1.087617,1.333784,-0.451580,-0.386714,-1.141855,0.618786,1.752490,0.741966,0.712684,-0.453372,-1.701976,0.398163
-0.606473,0.646009,1.543441,-0.147410,-0.890186,0.341783,0.103603,0.865573,0.220811,0.455945,-0.117924,-1.474212,0.540256,-1.186070,-0.431442,-0.132528,-0.228991,-3.850938,-1.690124,-0.708646,0.027368,-0.510669,0.098623,-0.601672,-1.976807,0.260403,-0.720018,0.607557,1.999583,-0.177242,0.172965,-2.289654,0.477208,-0.534902,-0.213031,0.689561,0.781306,-0.729936,1.393430,0.757717,1.407721,0.172987,0.730535,-2.049642,-0.864435,-0.515933,0.293171,-0.013875,-0.037872,-2.652310,0.953110,0.068496,0.970485,0.770932,0.050999,0.243182,0.320172,1.104949,-1.467683,-0.559503,0.682327,0.623987,-0.872251,-0.685993,-0.307608,0.440524,1.856699,-0.670602,0.056159,0.607789,-0.032397,-0.737828,-0.249047,-0.272206,-0.578674,0.097049,-0.394877,-1.756296,0.098251,1.259385,-0.574613,-0.771709,-0.329746,1.505391,-0.515896,1.406698,-0.255977,-0.564347,-1.213507,-0.240467,-0.035031,-0.046254,0.238800,-1.348436,0.063571,0.358866,-0.481550,-0.140295,-0.060345,-1.428616,-0.168125,1.124931,-0.230811,0.141138,-0.407759,-0.365922,2.081759,0.350439,-0.940951,-0.576725,0.680097,-1.248990,0.512569,0.252484,0.451504,-0.094805,-0.095064,0.029751,-0.928859,1.480389,-0.453729,0.655075,-1.486255,-0.182168,0.176443,0.357595,-1.098894,-2.854089,1.873437,0.135201,-0.268031,-1.181599,-0.962923,0.428167,-0.446666,-1.744418,-0.293740,1.089966,0.264917,-0.140339,-0.739198,-0.591724,-1.210268,0.638111,0.091497,0.103401,-0.201979,-0.214808,-1.436402,-0.168697,2.457231,-1.685177,-0.527105,3.766012,1.501417,1.456330,-0.239633,2.181812,0.146315,-0.281369,-0.987857,-0.093241,-0.356202,-0.200211,0.750370,-0.665189,0.604614,-2.024570,-0.007475,1.001971,-1.555310,-0.973563,-1.593637,-0.720175,0.371601,-0.378620,0.170337,-1.229401,-1.469237,0.091734,0.701705,-0.969117,-0.784137,0.838925,-0.410103,0.994385,0.464362,1.165680,-0.020043,-0.585203,0.623852,0.297464,0.099594,-0.929895,0.652991,1.937636,0.245336,0.235804,-0.007345,2.052928,1.350687,0.010377,-0.961751,-1.102844,-0.587366,-0.029142,0.370779,0.439608,-0.583138,-0.214136,0.400760,-0.510878,-1.329172,-0.103262,-0.599690,-0.586363,-1.573896,-0.133825,1.859387,0.423709,-1.284341,0.542734,1.361269,-0.934567,1.273433,0.997250,0.032450,0.421690,-3.097254,0.333650,0.165868,-0.071445,-1.059135,-1.074709,0.867040,-1.232073,-0.569423,-0.976078,-0.521678,-0.422592,0.314889,-1.161557,1.492220,-0.058200,1.192664,-0.212919,-0.812027,-0.992457,-1.209226,1.164524,1.445741,0.478374,-0.055219,-0.370190,-1.959741,2.181753
-1.176394,0.340291,-1.125811,1.098195,-0.019941,-0.762769,0.049265,0.214097,1.236800,0.660746,-0.039018,-1.110644,0.473174,0.080245,-0.488614,-0.018309,0.311705,0.537898,-0.966787,-1.494857,-1.227809,0.526958,-0.447033,-0.734542,-1.345266,0.476057,0.735001,-0.001155,0.256060,-0.051504,0.509860,-0.304711,0.029891,-0.763943,-0.005911,0.996334,0.506503,0.454016,0.350179,-0.369623,1.539633,0.697094,-0.404267,-1.603466,-0.117302,0.392687,0.490632,-0.011579,0.262513,-0.646862,-1.557492,-1.175785,0.007583,-0.003071,0.291695,-0.030944,-0.715775,-0.135960,-0.237298,-0.130054,0.813108,0.509828,-0.694025,0.392271,-0.132232,-0.447499,0.270905,-1.479976,-0.229927,0.706330,-0.679655,0.053332,-0.561244,-0.453539,-0.025366,-0.049551,0.243594,1.298714,-0.094389,-0.409971,0.037365,-0.638806,-0.543863,0.151100,-0.365147,1.233082,-0.282341,-0.550034,0.516169,0.128019,0.755916,0.767122,-0.078114,-0.621411,-1.502913,-0.322984,0.166871,0.081397,0.055629,-2.335312,-1.039201,0.107022,1.106692,-0.438545,0.107767,0.383824,-0.593839,0.157679,0.334499,-0.495730,0.749168,-0.401982,-0.059776,0.706878,-0.092532,-0.102113,-0.478646,-0.339349,-0.090666,0.667812,-1.653983,-0.973823,-1.118337,-0.065731,-0.409089,-0.478687,0.995263,-1.243331,-0.294632,-0.249611,1.973757,-0.657253,-0.988735,0.301457,0.403619,-0.836585,-0.200279,-1.218562,0.738707,-0.027770,-0.091177,0.408394,0.215900,-0.554836,2.611615,0.598601,-0.074329,1.017959,0.488931,0.908108,0.819581,-3.059725,-0.699116,-0.420065,0.313951,-0.358696,0.174549,-0.283387,1.096260,-0.859520,-0.715671,0.066372,0.111432,1.502979,-0.236398,-0.193345,0.514718,-1.803288,0.158714,0.073202,-0.498827,-0.960817,-1.537205,-0.672223,-0.366262,-0.051997,0.647522,-0.884169,-0.159110,0.777455,-0.749669,0.517695,-0.285819,0.028628,-0.136793,-0.008972,-0.684705,1.095638,-0.961992,0.670215,0.278181,1.241239,-0.698560,0.000676,0.813018,0.730558,-0.328583,0.913388,-1.124197,-0.168195,-0.239056,-0.814165,-0.677833,-1.032505,-1.184557,0.076381,-0.370760,0.080674,0.778624,-0.179598,-1.052633,-2.194517,0.306255,-0.138362,0.173206,-1.408479,0.047710,0.069717,-0.568896,-0.603001,-0.968919,0.379071,-0.322534,-0.399674,1.829181,1.394663,1.078454,-0.181522,-1.821472,-0.023143,0.414453,0.367571,0.476629,-0.442600,-0.307457,-1.394075,-1.298762,0.327399,-0.083251,0.111422,0.606728,-0.144066,0.634959,0.810691,-0.276405,-1.057347,-0.607092,0.447050,-1.280068,0.781906,-0.173091,1.051442,0.573766,0.641883,0.440774,-0.547773
-1.077704,0.482078,-1.660817,0.329459,0.796902,0.372635,-0.332854,-0.339184,0.071391,-0.077652,1.101255,0.889804,1.610214,-0.678302,0.833704,-0.153585,1.478345,-5.082480,-0.092208,-1.000967,-0.163222,-0.271033,1.129135,-0.388423,-1.976796,0.153704,1.015976,0.013980,0.456064,-0.997200,0.380145,0.656585,0.386193,0.272519,0.866445,0.187531,0.309683,0.772439,0.318419,-1.253422,-0.457171,0.341436,-0.833910,-1.198155,0.021987,-0.048615,0.346539,-0.277776,0.063272,0.669267,-0.874423,0.197115,0.317193,2.025927,-0.163985,-0.048908,0.042365,-0.704976,0.224995,0.425352,-0.000889,0.072942,-2.052649,-0.443194,-0.165454,-1.680243,0.827685,-1.575768,2.022258,0.888541,-0.187511,-0.794222,0.115083,-1.291930,0.156540,0.241313,-0.235915,0.084627,-2.270419,-1.809719,-0.256164,-0.476117,-1.208017,-0.112061,-0.170742,0.548783,-0.732676,0.601946,-1.436576,0.135895,0.648601,-0.263256,-0.117879,0.464941,-0.799722,1.648800,-0.236452,-0.306215,0.299237,1.270953,0.939723,-1.862832,-0.286318,-1.797708,-0.557200,2.375411,-2.692129,0.061596,-0.091173,-0.189004,1.030656,-2.033994,0.956392,-0.523002,-0.469457,-0.430156,-1.019753,0.365164,0.916023,0.913555,-1.226777,0.901997,-0.408333,0.896403,-0.568936,-0.041579,0.627110,-0.943574,-0.582062,0.185957,-0.652711,-0.604452,-1.105347,0.036884,-1.323112,-2.466901,0.196557,0.262582,-0.338499,0.504686,-0.175740,1.157908,0.307331,0.025139,0.575258,0.027020,-0.056174,0.093403,-0.113007,0.704801,1.238271,-2.238378,-0.659406,0.438057,-0.808477,-0.198945,1.072107,0.306668,1.447028,2.163347,0.150230,-0.043885,-0.515833,0.937113,-0.912033,0.939002,0.945314,-0.511627,0.062642,-0.492712,1.239861,1.931266,-0.630207,2.268179,-1.169802,1.183104,-0.080978,-1.368672,-0.569024,-0.874658,0.544125,0.691775,0.880493,1.296954,1.014930,-1.717215,-0.397713,-1.448233,-0.967620,-0.246037,-0.832288,0.678019,1.049614,-0.535386,0.327307,2.268263,-0.246665,0.756520,-0.532582,-1.214293,-1.843396,-0.654240,0.541704,0.000717,-1.147973,0.816999,-1.295200,0.027660,-0.945707,-0.383329,2.615513,1.972019,0.172496,-0.284152,0.729695,-0.701896,0.568473,-0.188835,-0.213298,0.708394,0.193915,1.228140,0.488670,-1.702425,0.248469,1.558320,0.390279,0.456867,-1.136868,0.635720,2.918615,-0.531162,-1.247689,-1.215706,-0.431111,-1.679640,0.337039,1.250249,-0.358515,-0.465755,0.352632,-1.240986,-1.170462,-1.092282,-0.375584,0.137596,-0.688103,0.879921,1.029617,-0.836283,-0.521220,1.144106,0.270736,0.663682,-2.080911,-0.721236
0.419672,-0.748765,-0.068935,-0.341955,1.063327,-0.454339,-0.491815,0.257138,-0.341632,0.659982,0.040656,0.408982,-0.012366,1.997935,0.451023,-0.314593,-1.469597,-2.915066,-0.442588,0.028203,1.468777,-0.012071,-0.318357,2.246925,0.246291,-0.156895,-0.386240,-0.189819,0.241865,0.740808,-0.093363,1.586843,1.110202,1.604063,-0.426132,1.317818,-0.788493,0.339548,0.588047,1.013186,0.661722,-0.042358,0.726569,-0.834680,-0.210619,-0.977611,-1.487431,-0.129634,3.732254,1.047503,1.532736,-0.281839,-0.699755,-2.777863,-0.205341,-0.383523,0.408508,0.247077,0.252537,-0.590836,2.864877,0.122553,-0.709474,-0.303265,-0.186308,-0.178718,-0.213124,-0.326979,-0.120357,-0.721314,-0.663577,0.038147,0.658524,-0.167428,-0.106431,0.448538,-0.069112,2.412914,-0.317898,-0.013644,-0.047983,-0.401005,1.038506,0.520871,0.572104,-0.021251,-0.816875,0.777289,-0.356551,0.104810,0.238249,0.537384,0.174732,0.567862,0.227197,-1.574340,-0.294307,-0.436901,0.740383,-0.289859,-1.517275,2.071986,1.127229,-0.876605,-0.405746,-1.453848,0.263118,-0.428100,2.222136,-0.702211,0.845724,-0.572378,-0.153826,0.514343,-0.038704,-0.058463,-0.059252,-0.117320,0.196373,1.037501,-0.271684,0.358385,-1.142055,-0.644040,0.015222,-1.532311,-1.198991,-0.606362,0.105275,-0.014247,0.577422,0.631735,0.413017,0.843617,0.159512,-1.355190,-0.177027,0.991039,-0.090640,-3.159167,-0.251155,-1.462049,-0.984681,-0.289605,0.308005,-0.406907,1.221463,-0.447292,-1.154272,0.254451,-1.502902,-3.761554,-0.346469,-0.763536,0.786890,0.043063,-0.325231,-1.933317,-1.453475,-1.876960,1.085099,-0.955411,-0.368722,-0.061986,0.484644,-0.092017,1.793893,-4.725650,0.151754,-0.368850,-1.005940,-0.483817,0.533437,-0.067703,-0.256958,0.071321,0.252607,0.335943,-1.457778,-0.313888,-1.654921,-0.569168,-0.825721,-0.518274,-0.083940,2.041163,0.145071,-2.991475,-0.488005,0.267719,-0.764827,1.257878,0.737628,-0.789305,0.183071,-1.300435,-0.080234,0.685178,0.442035,-1.174708,-1.678686,-1.289921,-0.679818,0.287629,-0.447964,-0.235166,-0.616946,-0.952083,-1.253446,2.138843,0.110706,0.059731,-1.344208,0.903283,-0.201398,0.338806,1.077096,-0.603892,-1.752112,-0.425855,0.902162,-0.912633,-0.744423,0.784137,0.989885,0.766929,-0.686001,-1.602863,-2.244111,0.061639,-0.024249,-0.212172,-0.306880,-0.403314,-0.965534,0.055704,-1.714704,0.782621,-0.102572,0.097015,-0.729900,-1.182635,1.403102,-0.021060,0.241870,2.101619,-1.290946,-0.397270,-0.912791,-0.976670,0.579047,-1.498027,0.049420,-0.918147,0.439103,-0.775802
-0.365960,-0.396198,-0.395165,-0.660385,0.122608,0.390199,-0.199145,0.697513,0.879187,-0.222768,0.523120,0.716616,0.575467,-0.066127,-1.170739,-0.199278,3.861923,-2.093706,0.291412,-1.722751,-0.828958,0.622226,0.816487,-0.768114,-0.049545,-0.174051,1.796751,-1.038819,-1.335521,-0.201837,-0.318433,-1.136873,0.996605,-1.379540,-0.318142,-1.223289,1.368549,0.069011,-0.182142,0.007517,0.519840,0.035725,-0.161756,0.912163,-0.375149,-0.224968,0.061007,-0.111267,0.533124,1.174347,0.712947,0.367122,1.042938,0.579300,-0.252979,-0.327464,-0.684573,-1.127633,-1.418298,0.895687,-2.219708,-0.414244,-0.893581,0.000884,0.259607,0.053585,0.257731,-2.772965,-0.077040,0.787206,-0.383135,-0.765922,0.057322,1.851388,-0.077820,-0.324213,-0.295548,-0.975038,-0.261018,-0.779224,-0.912227,-0.387675,-0.337831,-0.460473,-0.528554,0.108426,-0.233477,-1.632581,-0.186959,-0.276429,-0.454837,-0.090928,-0.011444,-1.257186,-1.353387,0.260867,0.115354,0.110043,-1.032456,-0.093912,0.982325,-2.052654,-1.343346,-0.924194,-0.917979,-0.280196,-0.554947,-0.509664,-0.360791,-0.833975,-0.182660,0.724130,-0.144710,-1.273149,0.510759,-0.790803,-0.304573,0.196429,1.122645,1.964594,-1.010427,0.246110,-0.864441,1.025189,0.239858,-0.507835,0.232983,-0.636796,-0.017149,0.164432,0.140902,-0.693250,0.536657,-0.130648,0.238569,-0.224280,-0.578445,-2.625503,1.133854,-0.621182,-0.204682,1.212422,0.569309,-0.492404,1.226389,0.871697,-0.835518,2.263457,-1.674420,-0.084398,-0.033886,-2.040998,-1.378395,-1.287185,0.845377,-0.278994,1.335200,1.280467,0.346059,-0.773574,-0.152210,-0.316346,-0.326828,-0.797554,0.065036,0.234177,0.149438,-0.622439,0.272816,0.605299,-0.637954,0.769390,-2.327018,-0.187692,0.170776,-0.739983,0.142260,-1.419750,-1.326639,-0.321365,-0.492823,0.424524,1.551394,-1.072286,-0.330531,-2.033646,-0.386989,-0.260001,0.695273,-1.856104,-1.766239,0.275793,0.168519,1.414403,-0.036502,1.508667,0.272968,1.101264,-1.530480,-0.082185,0.592161,-1.638167,0.551919,0.227059,-0.092570,0.310773,-1.462099,1.480607,0.519433,-1.582716,0.400615,-1.038022,1.853443,1.288690,0.169396,0.188706,0.006775,0.418819,-1.197161,0.251950,0.941351,0.441349,0.467885,-0.128215,-0.964039,0.248807,-0.506199,1.136623,1.095511,-0.059988,0.016254,-0.320063,0.665337,1.205531,-0.994515,0.095467,1.258054,0.172943,-0.099696,-0.129602,-0.834714,-0.711505,0.549982,-0.825174,-0.395855,-0.074215,2.284942,-0.153522,0.140130,0.268164,-0.704608,-0.362025,-0.009471,3.217662,0.705711,0.786811
0.547026,0.892283,-0.741168,-0.481870,0.236385,-0.529240,0.329706,0.248139,-0.017327,0.152200,-0.717080,0.725440,2.299885,0.071756,0.447949,-0.714787,0.077301,-0.267976,-0.011317,0.421758,-0.680359,0.440573,0.672003,1.809756,0.374726,0.229704,0.073693,-0.375559,-0.526818,-0.580067,-0.306216,0.244376,-0.679496,0.697933,0.434387,-0.787996,0.636351,-0.437739,-0.102252,-1.196874,1.609782,0.022367,0.038448,-0.783645,0.408946,-0.698403,-0.151986,-0.410574,0.725770,-0.097260,0.374711,-0.839117,-0.064164,-0.410258,-0.749053,0.246143,0.171309,-0.223653,-0.093770,0.308226,0.540277,0.915918,-0.158406,-0.657345,-0.388734,0.672057,-0.797068,-1.148242,1.410725,0.420823,-0.388893,0.139207,-0.209647,0.815209,0.142946,0.983540,-0.696425,0.323388,-1.190562,-1.496058,-0.510183,-1.377450,-1.074146,-1.765058,0.602114,0.630965,-0.843693,0.180898,0.450044,-1.252957,0.237805,0.436526,-0.645499,0.821032,-0.180488,0.895704,-0.517905,-0.324366,-0.848161,-0.533894,0.569833,-0.230353,0.876942,-1.091218,-0.227375,0.286613,0.111257,0.264176,-0.311501,-0.800592,0.779286,1.229762,0.416758,-1.032584,0.349149,-1.217550,0.609352,1.464640,-0.387733,-0.462585,-2.594863,0.198164,0.397491,-0.082555,-0.219204,0.954078,-0.095876,-0.726318,-0.083994,0.672150,-0.657159,-0.357713,-0.174421,0.964413,0.172878,1.869647,-0.238646,-0.745092,-0.292615,-0.692131,-0.753891,0.552105,-0.561196,0.182214,-0.015394,0.032857,0.264141,0.822391,1.049847,1.237795,0.861743,1.000786,0.998428,-0.399255,-0.175214,-0.396201,-0.127694,0.933270,0.810530,1.253279,-0.553206,-0.522969,-1.148999,0.941065,0.213498,1.045832,-0.202432,0.133809,1.084771,0.621603,0.603826,0.749172,0.013340,-0.023988,0.107772,0.122706,1.436910,-0.721119,-0.180257,-0.086275,0.142687,-0.018385,0.125671,-0.948600,0.000473,0.520914,0.355587,-1.019411,-0.268877,0.212761,0.334631,0.483037,-0.375513,-0.743112,-0.345948,1.003415,0.022458,0.872775,0.070114,1.138921,0.742116,0.030787,0.745641,-0.252835,-0.900705,-0.333010,-0.549033,0.104669,-0.309143,-0.439489,0.570145,1.743364,0.098693,0.019867,0.799111,-0.582817,0.175776,-0.572609,1.938028,-0.133449,0.329579,0.927841,-0.760980,-1.057147,0.406382,1.041734,-0.563134,-0.865902,-1.024861,-0.104719,1.264054,-0.573531,0.596257,-0.128383,-1.137483,-0.787604,-0.728688,1.012498,0.155808,1.065699,-0.257760,-0.447485,0.041876,-0.224759,0.845576,-0.147884,-0.545033,0.239445,-0.107990,0.380954,-1.209176,-0.076935,0.601401,0.431735,-0.311186,0.410924
-0.679043,-0.746961,-0.589532,0.442977,-0.905311,-0.053453,0.751948,-2.429159,-1.455054,-0.367748,-0.991166,1.591647,-0.002288,0.149597,0.762729,0.066581,-0.686788,-6.085454,0.576053,-0.529162,1.525165,-1.333089,0.244298,-0.343597,0.836462,-1.157899,0.121629,-0.721016,-0.681326,0.900846,-0.633334,0.780897,-0.493772,1.238821,0.131308,0.518972,-0.824316,-0.418061,-0.515408,-1.013350,-0.103250,1.750285,0.507509,-0.254321,0.976891,0.042139,-0.617015,-0.427907,0.615655,-0.560779,1.064680,1.180955,-0.385095,-2.534093,-0.552346,-1.950893,0.053616,1.184329,0.505441,-0.566484,0.796212,0.948633,1.660670,-0.650965,-0.704023,2.482251,-1.108631,-0.010042,-0.432671,-0.755927,0.233035,1.388361,0.651494,0.033729,0.130822,-0.248251,-0.325559,0.233797,3.630321,0.721209,-0.363394,-0.181075,0.428121,2.487509,1.212286,0.522944,-0.830760,-0.524653,1.028355,1.586222,-0.164095,-0.608341,1.299179,-0.162179,0.854833,-0.124075,-0.070992,-0.285604,-0.698166,0.281740,-0.127263,1.795056,-1.939090,-0.046417,0.414106,-0.332775,1.240204,1.855753,-1.273146,-0.018029,-0.261883,-1.980174,-0.712889,-1.016627,-0.269911,0.719184,0.810825,0.343268,0.576133,0.443933,-0.412523,1.111762,0.753748,-0.674804,0.463569,0.318276,-0.706234,-0.343798,1.377854,-0.766060,0.070839,1.578625,-0.564119,-0.045565,-0.635452,1.376198,-0.660185,-1.343891,-0.291404,-0.743685,-0.226854,-0.929624,0.280031,1.288304,-0.074628,-0.450638,-0.774169,-2.072859,0.860452,0.047221,-0.496658,1.286897,-0.358625,0.907549,0.915336,-0.043280,0.065533,-0.287825,-4.412427,-1.047124,1.521820,1.625783,-0.596708,-0.546851,-1.350817,0.119562,0.387561,-2.841974,0.282832,-0.157323,0.210292,0.097956,1.681409,1.614526,0.791385,0.676788,-1.371451,-0.871829,0.324241,0.181083,1.328873,-0.502846,0.687588,-0.214752,0.424433,-0.051578,-0.054557,-0.856256,-0.736553,0.811045,-1.097521,-0.506203,-1.107016,0.507709,0.592859,2.260340,0.871909,-1.463233,-1.147818,0.632232,-0.268229,0.333978,-0.130707,-0.114709,-0.773020,-0.563456,0.476686,0.871192,0.682395,2.012984,0.656867,1.906851,-0.087224,1.088698,0.390204,0.377506,-0.307034,-0.329841,-0.142929,-0.041089,-1.586130,-2.091453,0.032220,0.593492,0.041608,-0.757360,0.238181,1.069432,-0.215793,1.652806,-1.543674,-0.497256,-0.305863,-0.432663,0.817962,0.067553,-1.850954,0.475690,1.186876,0.146576,-0.837310,0.490698,-0.050291,0.662176,-1.691378,-0.103423,2.646994,-0.817331,0.248090,-0.075141,0.286718,-1.678876,-0.282936,-0.897582,0.692583,-1.929030
-0.245629,-0.975358,1.155267,-0.293190,-0.705804,-0.162133,-0.930653,-0.127785,-0.418179,1.433432,0.963316,0.733228,0.155388,-0.285171,-0.903892,-0.460741,-1.062178,-2.028178,-0.037535,-1.767279,-0.640589,0.674600,-0.875254,-1.090510,0.107339,-0.430123,0.014650,-1.030696,-0.271842,-0.428678,-0.594705,-0.286946,0.147643,-2.194276,0.135472,-0.461740,-0.050238,0.032072,-0.016548,1.222824,0.622227,0.007254,-0.295316,-1.323783,0.110945,0.910405,0.414923,-0.265620,-0.562011,-0.678472,1.247157,0.952221,0.020673,0.124239,-0.405922,-0.267572,-0.745452,0.624977,-0.146252,0.286351,0.446632,0.302500,-0.929388,0.058554,0.157421,1.199178,0.768091,-1.612240,-0.254197,0.036050,-0.138132,0.455280,0.502897,0.041546,1.110401,0.205339,-0.376149,-0.753150,1.231031,0.192315,-0.291290,-0.243181,0.037622,-1.520517,1.060669,-0.175096,-0.216164,-0.369126,0.356460,0.135463,-0.673767,0.121108,0.439626,-1.226471,-1.408096,-1.508485,-0.434399,-0.177000,-0.567495,-1.535308,-0.539370,-2.596490,0.624232,1.652084,0.555675,-0.503939,-0.285854,-0.216045,-0.153735,-0.692211,0.221613,-0.430415,-0.398402,0.307871,0.121110,-0.520062,0.312132,0.121366,-1.173309,-0.425062,-0.537953,0.255891,-0.858943,-0.771334,0.444006,-0.616139,-0.647580,0.047508,-1.286218,0.168698,0.219567,-1.533287,0.582524,0.391544,0.142889,-0.793533,-0.372423,0.998390,-0.142191,0.544211,-0.278244,1.129462,0.200421,0.297182,0.363204,0.107927,-0.150670,-1.746373,-2.730460,-1.266446,0.922037,-2.109819,-0.498362,-1.208657,-0.148474,0.868130,0.542736,1.003369,-0.657999,-0.914942,0.416753,0.838803,-0.166469,-1.485366,-0.041792,-0.122998,-0.084634,-0.274157,-0.369354,0.849273,-0.022526,-0.377405,-0.491980,0.160618,1.107178,0.571840,-0.059131,0.471011,0.066173,-0.066208,0.464560,-0.227843,-0.355499,0.901745,0.172501,0.524421,-0.977782,-0.480329,0.547064,-0.516128,-1.366423,-0.357239,0.721606,0.796659,-0.016473,-0.054414,1.065247,-1.088883,-0.416281,-1.225018,0.611205,0.807828,-0.098464,-0.323497,0.201677,-0.870134,-1.000186,0.868121,1.542394,-0.048132,0.079376,-1.478326,0.581095,1.367751,0.311031,0.351035,1.112577,0.637261,-1.201503,-0.048257,0.281351,-1.176278,0.207248,0.163244,-0.595481,0.112616,-0.176791,0.952883,0.675777,0.361358,-0.449235,-0.616209,0.894593,0.435957,-0.008454,-0.130486,1.722100,0.486940,0.608469,0.424712,-0.760937,-0.102545,-0.315601,0.185958,-0.567302,0.297688,0.441258,-1.054507,0.049247,0.277867,-1.081743,-0.011104,0.458892,1.763007,-0.331614,-0.488972
0.899834,-0.001442,0.175896,0.444655,1.427901,0.387820,0.818292,1.354093,-0.274366,-1.518162,0.960454,0.106917,1.091327,-0.417412,0.148165,-0.599918,-0.051457,-0.951390,-1.517933,-1.089549,-0.021048,-0.147454,0.051882,-1.563826,0.163759,0.940442,0.089801,-0.877923,0.454000,-1.329311,0.132304,-0.574397,-0.164740,-1.423976,-0.972193,0.920182,-0.851219,-0.157577,0.235457,-0.581837,2.127442,0.680893,0.349082,-0.555149,0.383067,-0.113770,1.000856,-0.427646,-0.317130,-0.849058,-0.068060,1.415522,-0.934591,-0.607614,-0.107933,1.259213,-0.157699,-0.329407,-0.585287,-0.538667,0.243778,0.427218,-0.020342,-0.681723,0.240473,1.781322,0.760199,-0.554739,0.844409,-0.554658,-0.342119,1.301632,-0.204738,-0.425677,-0.845470,0.691302,-0.392204,0.204253,1.256749,0.290095,0.053628,-0.433530,-0.285575,-0.512206,0.453762,-0.331708,-0.724344,0.065533,1.419388,-1.489834,0.835838,0.254506,0.230845,-0.258085,-0.351912,0.221583,-0.368734,-0.499628,-1.482514,-0.461800,-0.657537,-1.161804,1.186273,2.933047,2.205426,-0.009085,-0.845623,0.071352,0.597171,0.057708,0.506307,1.664680,-0.090292,0.655681,-0.598765,-0.131596,0.064767,0.668591,-0.447008,0.885900,-1.641488,-0.278407,-1.112904,0.249233,-1.351536,-0.992036,-1.561103,-0.485808,-1.173047,-0.013788,-1.250817,-2.142309,1.413982,-0.778223,0.106534,-0.096430,-0.501747,0.584589,0.560845,-0.443150,-0.426839,0.002649,0.526350,0.838014,0.108209,-0.862453,-0.040968,0.619090,0.240032,-0.444545,0.776626,-2.917234,-0.336732,0.442450,-0.147151,0.022334,-0.533163,-0.260326,0.999122,-1.600219,0.342279,1.060163,-0.230426,-0.070653,-0.483239,-0.151213,0.761268,-0.938152,0.770189,-0.673491,0.355620,-0.611171,-0.476714,1.502430,-0.305252,0.641858,0.966199,1.855151,-0.280037,0.276512,-0.613976,1.223681,-0.512687,-0.094899,-0.320033,2.144587,-0.446347,-1.415273,0.716649,0.307568,0.498172,0.332364,-0.931249,-0.541001,-0.640590,-0.348193,1.142369,0.678358,0.072849,0.327008,-0.013600,2.989267,0.952206,0.320086,-0.066164,-0.613194,-0.519073,0.109264,-2.359712,0.464154,-1.439472,-0.367092,-0.493059,0.671959,1.673140,0.417649,0.345340,0.861209,-1.056669,-1.706918,-1.062062,1.479680,0.108835,-0.849047,0.333782,0.975080,-0.349455,-0.812247,-1.357408,0.390814,1.909696,-0.452179,1.701402,-0.518349,-0.591180,-0.441933,-0.277946,-0.782892,0.770853,0.326350,1.001070,0.030290,-0.129454,0.546340,-0.361832,-0.196123,-0.108200,-0.632644,0.984716,-0.725864,-0.251118,-0.507573,1.664111,1.134930,-0.750503,-0.455385
1.966800,0.180802,2.936405,-0.620675,1.444136,-0.399314,-0.753584,-0.166776,-0.131205,-0.374760,-1.249186,1.499216,0.603223,-1.111966,0.599639,-0.710378,0.120676,0.115079,-1.756404,-2.074223,-0.436893,-1.561036,0.225287,-1.328763,-1.337324,0.728041,-0.099107,0.092250,-0.323545,0.143341,-0.338784,-1.678866,0.154273,-0.503797,1.201347,-0.300638,0.645129,-0.641254,0.293961,-0.398125,-0.519005,-0.670956,-0.017336,2.409444,-0.425607,0.526334,0.820098,-0.414311,-0.530024,1.653431,-0.362828,-0.479327,0.911796,-0.055199,-0.422076,-1.277489,0.019357,-1.057677,-0.963874,-0.169359,-0.516865,-0.377705,-0.869384,-0.781263,-0.702250,-0.094260,2.816755,1.631442,-0.575001,1.511579,2.313549,0.108134,0.536414,-0.788103,-1.076054,-0.046760,-0.762776,-0.945724,0.093716,-0.629615,-1.158145,-0.643253,0.122022,-1.567728,-0.451223,2.069852,-0.601763,-0.702691,0.494918,-0.215742,-1.134148,0.553159,-0.569050,-0.561456,-0.251502,-0.550812,-0.828855,-0.551715,0.735726,-0.195329,-1.264858,-0.039613,-0.652573,0.013075,0.109493,-0.731735,-0.138442,-0.257648,-0.217510,-0.482842,-0.884802,0.047448,0.135130,-0.370870,-0.242937,-0.811613,0.165381,-0.172002,-0.175530,1.331217,1.195750,1.415432,-0.649376,-0.329901,-0.319965,0.948999,0.037901,0.803318,-1.225587,0.037007,-0.473432,-0.542537,0.136171,0.236273,0.183338,-0.753128,-0.853967,2.089938,0.256905,0.565228,0.594243,0.699753,-0.610717,0.359457,0.746896,0.722951,-1.721905,1.829952,-0.846423,-0.160618,-0.321625,-1.224753,1.184401,-1.190723,1.140306,-0.592454,-0.233098,-0.475113,-1.711579,0.625071,0.223805,-0.821116,-0.620696,0.230928,-0.059526,-0.565553,1.186518,2.262575,0.273331,0.578685,-0.394954,-0.467372,-1.545310,0.537558,-0.102293,-0.212953,0.036058,0.233103,-3.059607,0.013630,-1.549315,0.318022,-0.935288,-0.689402,0.003041,-0.393861,0.466646,-0.284967,-0.067000,0.028608,-0.212564,-0.561920,0.625467,-0.141323,-0.939537,-0.736977,-0.616306,0.269372,-0.757329,-0.529948,-0.252400,1.036551,-0.023279,-0.487465,-0.488750,0.889911,-0.067108,-0.757765,1.594202,0.195405,0.340470,-1.890752,1.118060,0.558027,-0.000520,-1.440258,-0.163375,0.084930,0.836370,0.705167,-2.904234,-1.878400,-0.936830,-0.594436,0.701442,-0.400951,-0.352134,0.274119,0.703227,-0.094441,-0.660891,-0.486378,-0.638939,-0.718659,1.222844,-0.918799,0.853511,-2.078564,0.088793,0.279541,0.328033,-1.042114,-1.328188,-0.581207,0.637752,-0.155526,0.214828,-0.910728,-0.377645,-0.601545,-0.479831,-0.507471,-0.505930,-0.105393,-1.281647,-0.038926
0.406100,-1.296836,1.272416,0.112312,0.748128,-0.335467,-0.625283,1.811175,1.006603,0.675775,-0.694110,-0.452907,0.218615,-2.450349,0.555869,-0.154110,0.407073,1.893078,0.386268,-3.815949,-0.291297,0.170673,1.725201,-1.290335,-0.120092,-1.635559,1.018838,1.145852,0.185308,-0.829953,0.082004,-1.211128,0.857858,0.123666,0.637032,-0.333862,-0.299940,0.507030,-0.140571,0.267401,0.316738,0.394877,-0.200562,1.186673,-0.314824,-0.996267,-1.101895,-0.069950,0.916434,-0.195208,0.117544,-0.836898,1.527411,0.585847,-0.353423,-0.613838,-0.102495,-0.090312,0.175802,0.318808,-1.736058,-0.299856,-2.443974,-0.400896,-0.264185,-0.189779,2.084932,-1.883046,-0.039504,0.552107,0.059867,0.022959,-0.255452,-0.832906,0.159122,-0.152332,-0.086130,-2.374519,0.097749,-0.642467,-0.064560,-0.246939,2.384712,-1.008056,0.051541,-1.207452,-0.476070,-0.799948,-0.875097,-0.379385,0.820595,1.005162,-0.049373,-0.793061,2.233146,0.869890,0.176264,-0.225730,-1.555131,0.796446,-0.532117,0.411374,-0.065287,-0.703010,-0.278085,-2.038085,-0.180941,0.173143,-1.320864,-1.124772,0.181885,0.027604,0.662787,-0.700590,-0.726637,-0.949707,0.450883,0.288076,-0.429833,1.327936,-0.358650,0.406313,-0.370063,0.125631,-0.400223,0.937377,-0.028267,-1.754699,0.744906,0.163175,0.551331,-0.830335,-0.150457,-0.054144,2.935134,-0.462583,-0.338720,2.452862,1.421928,0.528740,-0.359481,0.370821,-0.601195,0.002508,-1.420249,0.476033,-1.448941,1.792123,-2.534902,0.449696,0.386088,-2.628714,-0.770014,-1.940905,0.074865,-1.008668,0.604353,-1.321997,-1.118869,-1.546682,-0.622241,-0.693532,-0.102090,-0.373635,0.569225,0.220761,-0.012440,0.470247,0.087773,-0.373426,-0.351017,0.060491,-1.013950,0.786647,-0.256778,-0.608808,0.238037,-1.069748,-1.199076,-0.867631,-0.597607,0.283368,1.440942,0.658613,0.069367,-1.126473,0.080330,2.365696,0.561420,1.565022,0.566685,0.812492,0.276422,1.276673,0.604532,-0.032085,-0.297186,-0.452072,0.488968,-2.143039,-0.402793,-0.979339,0.297881,-0.918663,-0.433870,0.829010,-0.141260,1.245407,-0.245130,0.336485,-1.223485,-0.520761,1.804240,0.061540,0.394335,-1.750583,-0.015593,0.034463,-1.468657,0.891541,1.906236,-1.047500,0.844522,0.588743,-1.037697,0.569941,0.330191,0.607342,1.972244,-0.133038,-0.017206,0.020269,-1.792163,-0.035446,0.199142,0.219760,1.292513,-2.111425,-0.249621,-0.034992,-1.248994,-2.023996,-0.188600,-0.816578,-0.754590,1.257174,-0.046791,0.031249,1.313475,-0.030997,-1.364802,0.912984,-0.225171,-4.384487,-2.490198,1.039633
0.439160,-0.460795,0.363213,0.361038,0.336818,-0.154107,0.122184,0.433134,0.680785,0.085847,-0.342668,-1.806959,0.205469,0.226230,0.377759,-0.403732,-1.440595,-0.941704,-1.091127,-1.709700,0.472003,0.833291,-0.038133,0.773564,-0.486541,-0.405566,-0.456592,-0.346931,-0.869975,0.215943,-0.029488,-1.167662,0.062279,2.294238,0.943312,0.616749,-0.336070,-0.302113,0.277465,0.327318,2.030222,0.044889,0.198131,0.794154,-0.509975,1.069145,0.520950,-0.254215,1.208864,0.015170,0.310318,-1.020395,-0.068649,0.028082,-0.183050,0.637124,1.103676,0.060757,-1.366250,-0.500215,-0.639647,0.433528,-1.559696,-0.620532,-0.647533,-0.317728,-1.258406,-0.325728,0.170592,0.008083,-0.239940,0.047300,-0.305659,-0.245312,0.088429,0.741321,-0.439183,-0.057959,-0.400526,-0.224246,-0.901733,-0.555704,0.695011,1.337155,0.606639,0.700071,-0.092976,-1.401071,-0.216411,0.263503,-0.442922,0.454402,-0.218154,-0.937889,-0.481093,-1.069492,-0.410595,-0.396176,0.435264,-0.338748,-1.275813,-1.046112,0.598838,-0.973479,-0.293153,-0.880427,0.951403,0.110272,0.218886,-0.048669,0.730864,-0.465901,-0.244464,-0.553156,-0.648572,-0.627163,-0.057994,0.004073,0.312717,0.870825,-0.609164,-1.210933,-0.086963,-0.603776,-0.515604,-0.015712,-0.559812,0.163653,-1.049317,0.085441,0.652544,-0.552320,0.040921,0.268356,0.773118,-0.546963,-0.279203,1.541555,0.464606,0.171953,0.206020,-1.215072,0.503833,0.500426,1.946329,-1.006517,0.597331,0.362701,1.804359,0.377410,-0.218176,-1.264148,-0.236092,0.138547,0.347605,0.827685,-0.250166,-1.993824,0.364424,-1.781506,-0.667474,-0.858854,-0.564145,0.566443,0.789309,-0.348015,0.529423,-1.775938,0.414093,-0.026192,-1.128538,-1.017239,-0.983636,0.645375,-0.875944,0.647791,0.033237,-0.682197,-0.007543,0.645817,0.237069,-0.780550,-1.651762,-0.143367,-0.465281,-0.110526,-0.538759,-0.806474,0.163262,1.126307,0.072267,2.123296,0.506437,-0.906212,0.235496,0.269459,-0.306435,-0.510716,-0.897831,0.277009,-1.241486,-0.348148,-0.801180,-0.600193,-0.418739,-0.147410,0.535629,0.034491,0.253829,0.896198,-1.351496,-1.123144,-0.222768,-0.263379,-0.218363,-2.011206,-0.458234,-0.665538,-1.606857,-0.129107,-0.849065,0.057700,0.989361,-0.117446,0.611593,0.969052,0.803393,0.516546,-1.400777,-0.068272,0.181459,-0.601266,-0.625275,-0.255638,-0.159521,0.907049,-0.184157,-0.928849,-0.715847,-0.037889,0.865249,-1.567641,0.727405,-0.713687,-0.573328,0.182361,-0.969422,-0.010842,-0.322788,0.933434,1.238123,-0.652909,0.215591,-0.928014,-1.378436,-0.261630
-0.797744,-0.955683,0.180063,-0.319950,-0.895145,-0.226719,-0.159939,0.324545,-0.253678,0.062789,-0.743739,0.494895,0.154316,-0.692454,0.442750,-0.505602,-0.848191,-2.748832,1.111978,-1.922310,-0.449317,1.235382,-1.061272,-0.399924,0.038323,-0.395984,-1.646293,-0.930645,-0.054727,0.207085,-0.296678,-1.304731,0.218652,-1.156774,0.906124,0.470514,0.919346,0.500597,0.769168,-0.264848,0.625160,0.433361,0.967114,-1.032603,-0.338962,0.294195,0.203434,-0.278774,0.061580,-0.248137,-0.531953,-0.529803,0.429351,0.019709,-0.401763,-0.807100,0.423524,0.349254,1.245440,-0.193149,1.317390,0.017754,-0.522209,-0.348821,-0.732989,-0.078580,1.379177,-2.128869,0.063881,0.501907,-0.623778,-0.129755,0.073619,-1.185893,-0.044072,0.599669,-0.415641,0.299896,0.420789,0.169657,0.076934,-0.407847,-0.854046,-0.794476,0.037115,-1.086360,-0.338735,-0.832836,0.087752,0.254718,0.832389,0.245322,-0.363358,-1.090504,-0.034370,0.758632,-0.473906,-0.670502,0.166461,-0.545878,-0.280816,-2.591450,-0.268602,-1.187336,0.755038,0.242903,-1.654260,0.176857,0.373693,-0.794752,0.056901,-0.440871,-0.025622,0.235303,-0.543241,-0.556308,0.673531,-0.233145,-0.339371,-0.703932,-0.702628,0.892242,-1.056537,-0.266304,0.916261,-0.721350,0.020951,0.261919,-1.225224,0.021089,-0.504312,-0.163147,-0.331708,0.260042,-0.027464,-0.285333,-0.600034,1.836283,-0.086092,0.892076,0.088689,0.895285,0.527263,0.903685,0.049480,0.261502,0.933513,-0.943688,-2.090972,-0.163402,0.528172,-2.584898,-0.132664,-0.530483,-0.068628,0.296424,1.120658,-0.506270,-0.741037,-1.094871,0.117171,0.368164,-0.495154,0.774267,-0.112299,0.048594,0.786873,0.061815,0.181847,0.101443,0.595756,-0.452233,-0.810512,0.840993,0.906017,0.253561,0.504932,-0.313285,1.301587,-0.962976,0.040462,-0.237150,-0.439676,0.091844,0.230549,0.042928,2.593071,-0.569845,-0.106174,1.050618,-1.945419,0.178818,0.057014,-0.104336,0.101022,-0.784765,0.161117,-0.081179,-0.187086,-2.682074,-1.341053,0.300716,-0.480281,-0.608192,0.122743,-0.265862,-0.409860,1.194196,0.411504,-0.165110,0.865024,-0.416179,1.383753,0.367857,0.421498,-0.563790,0.565143,-0.251342,-0.796606,0.909170,-0.150938,-0.883276,0.480847,-1.320713,0.325506,0.367142,0.328716,1.018480,-0.125115,0.091612,0.187902,-0.324239,0.259501,-0.554311,0.472588,-0.723084,2.264150,0.768040,0.260984,-0.146107,-1.008030,-0.166257,-0.005385,0.332800,-0.113775,0.443684,-0.702701,0.396246,-0.402863,-1.442037,0.014392,0.873301,0.035464,-0.383166,-0.541645,-1.570156
-0.299663,0.159595,-1.269312,1.256559,-0.344494,0.234622,0.062991,-0.773777,-0.037152,0.799561,-0.618922,-0.813668,-0.641408,-1.674243,-0.145846,-0.391116,-1.337358,2.395279,0.485721,0.060059,0.970018,1.063767,0.047275,2.238638,1.426584,-0.921104,-0.146010,0.330590,-1.906632,0.260963,-0.250555,-0.557620,0.775313,-1.266510,0.862785,0.414783,-0.227359,0.076375,-0.036702,0.365707,1.254643,-0.173141,0.025935,0.817291,-0.757883,1.399129,-0.301468,-0.374249,3.594236,0.433872,0.621824,-0.201044,-0.827985,-1.140194,-0.168134,1.433087,-1.120097,0.064824,0.955341,-1.606535,0.651756,0.895607,-1.589457,-0.593388,-1.080222,0.337405,-1.016864,0.057757,-0.026572,-0.296459,-1.598392,1.159410,-1.157695,-1.262568,-0.184038,-0.103221,-0.486410,-0.940166,0.305026,-0.455134,-0.498294,-0.724309,-0.158960,1.564691,0.506847,-0.606908,-0.902392,-0.533454,0.368319,0.137327,-0.565922,-0.036438,-0.126471,0.270109,0.708211,0.535403,-0.623484,-0.678631,0.270455,1.159120,-1.529426,-1.245368,0.846750,-0.672987,-0.200508,0.217918,-1.261627,0.387571,1.039495,-0.469414,1.219568,-1.679448,-0.209686,-0.102150,2.135240,-0.901444,0.443294,-0.101405,0.115812,-0.135913,1.135162,1.099513,0.013680,-0.790862,0.727136,1.133862,-1.505718,0.580436,-0.528197,0.300382,-1.017265,-1.744665,0.641936,0.404018,-0.990101,-1.286464,-0.609560,0.611838,-0.909070,-1.140497,0.425453,-1.928435,0.080941,0.348439,-1.292259,-0.940757,3.311896,-0.168572,0.789193,-0.589529,-0.428904,-2.106518,-1.464224,-0.106079,1.129569,-0.337941,-0.636531,1.060874,0.985449,2.551004,0.439867,-0.824291,-0.690054,-0.244368,0.308149,-0.621512,-1.633024,-4.536386,-0.178476,0.193776,0.367730,-0.511960,0.257304,0.545012,0.475836,-0.838676,-0.193163,-0.246225,-0.180597,0.027096,1.206994,-0.882642,0.544012,-0.505090,0.191634,0.264420,1.011030,-2.215010,-0.754742,-0.403497,0.224842,0.999721,0.603358,-0.888965,-1.485435,-0.141999,-0.198159,-2.081229,-0.824191,-0.522776,-0.356924,0.000565,-1.204221,-0.362477,-0.492575,-0.424891,-0.448417,-1.263400,-1.094788,1.334386,0.685217,0.672255,0.868162,0.293310,-0.552734,0.133966,0.706086,-0.547798,-2.977032,0.706079,-1.561041,0.304308,0.536555,0.858032,0.624720,0.925080,0.272697,-1.718349,0.621157,0.667732,-0.635159,-0.612820,2.968084,1.531402,0.084242,1.721209,-0.920372,-0.360767,-0.436762,-0.577083,-0.493484,-1.636195,1.676226,-0.537813,-2.669726,0.351410,-0.331030,0.028560,-1.276318,0.080851,0.101208,-0.367320,0.190645,0.107445,-0.179530,-0.365807
-0.871699,-0.764233,0.096488,0.396421,-1.758723,-0.281806,-0.322576,-0.534985,0.741247,1.639741,-1.105022,-1.041536,2.210996,-0.784029,0.018455,-0.257810,-0.777406,-0.400694,1.997008,-2.674817,0.148225,1.341849,0.420369,0.033662,-0.076823,-0.114356,-0.727025,0.876086,-0.804657,-1.049539,1.151125,-0.912439,0.451495,0.067012,0.410600,0.433496,1.684387,0.717218,0.965598,0.699574,0.911877,0.958083,0.539241,-0.556136,0.343142,-0.174979,1.093513,0.137999,0.105061,-0.669351,0.921156,-1.355905,-0.309859,0.804726,0.142478,-0.628235,0.346520,0.999422,-0.865475,-1.515243,1.399414,-0.068229,-1.109346,-0.156272,-0.985037,-0.541608,1.603174,-1.317655,-0.365874,2.793307,-1.319743,0.343898,0.324992,-0.599017,-0.183669,-0.643270,-0.059203,0.627806,-0.254950,0.434259,-0.475816,-1.040621,1.487147,-1.285298,0.814154,0.071417,-0.075032,0.328622,-0.132842,-0.587415,1.679333,-0.562364,0.704603,-0.915049,-0.923389,0.455947,-0.117779,-0.015927,-0.220522,-0.398015,0.057381,0.965884,-1.414891,-0.925144,-0.399112,0.550078,-1.071928,0.839483,-0.055591,-0.466900,2.480657,-1.463940,-0.629457,1.005442,0.305032,-1.233243,0.359650,0.892906,-0.374364,-0.716421,-0.179215,-0.118845,-1.057804,0.648576,-0.100825,0.153258,0.006912,-1.435554,0.866859,-0.167584,-0.505788,-0.565117,-1.278942,0.086615,-0.070659,0.071907,-0.417993,0.244487,-0.396626,0.764554,-0.301344,0.227472,0.482849,-0.278122,1.064228,1.009566,-0.602027,0.744445,-4.676501,0.153962,0.314306,-1.745181,-1.208830,0.020487,-0.095611,0.141073,0.514447,-0.720187,-0.132719,0.002035,-0.436133,0.090026,-0.488404,0.935487,-0.571073,1.165147,0.071223,1.589229,0.904257,-0.172812,0.430905,0.040164,-0.278161,-0.180703,-0.240732,-1.334427,2.257694,-0.066171,0.181830,-0.187716,0.021054,0.332721,-0.356073,0.469719,-0.085363,0.203821,-0.498294,-0.558238,-0.579060,2.111816,-0.808908,-0.055699,0.264003,0.551076,0.187477,0.243575,-0.217560,0.202822,-0.152351,-0.043086,-1.863781,-0.263390,-0.565760,-0.703898,-0.785441,0.175227,-0.791444,0.182282,-1.156513,-0.221718,-0.908681,-1.434699,0.912280,-0.082051,-0.356332,-1.393201,0.534396,-0.099444,-1.109638,-0.630595,0.412921,-0.770306,1.304154,-0.184045,-0.810276,3.041435,-0.054497,0.880769,-0.135175,0.334656,-0.658053,0.001096,-0.037189,-1.302772,1.592329,-0.149147,0.538800,0.928609,-0.105294,-0.599426,-0.089796,-1.470442,0.145261,0.337620,-0.627597,0.633431,-2.546929,0.680911,-1.409877,-1.045172,-0.142778,0.833954,-0.289012,1.401523,-0.802720,0.586690
2.095024,0.238550,-1.396365,-1.112212,-2.135869,-0.612557,1.613063,1.752880,1.850997,0.913469,-1.935120,-0.717910,-0.382722,0.154629,0.343288,-0.284132,0.674392,-0.539718,-2.199170,0.463182,-0.426408,0.050184,0.277936,-0.489237,1.115132,2.082638,1.130782,0.678873,0.959634,1.129064,0.543362,-0.698181,1.075015,2.570714,0.141546,0.538175,-1.455952,0.411419,-0.316508,-0.866905,1.695527,0.102917,1.051746,0.051971,-0.089479,0.672897,-0.332843,-0.720373,3.231167,-0.936554,-1.070771,0.397428,-1.632760,0.888571,-0.265341,-0.511826,0.691904,2.160001,0.717506,-1.608373,-0.379208,-1.133305,-1.836613,-0.277534,-0.065157,-1.358811,-0.994257,0.973566,-0.934415,-0.928046,1.837707,-0.173625,-0.189075,-0.059853,0.937231,-0.938038,-0.234773,1.036376,-2.005284,-0.449385,-0.507064,-0.513337,0.363037,1.214358,0.170796,0.168035,-1.264700,-3.116912,-2.055777,1.725551,-0.898400,-0.005479,-0.167835,-3.039380,0.473771,1.814779,-0.497332,-0.272696,0.383974,1.091888,0.961891,3.302687,-1.195034,-1.769679,-1.610194,1.875158,-0.462790,0.552392,0.371861,0.534740,0.693338,-2.889487,0.303763,0.426930,0.592388,-1.069711,-0.759712,-0.752290,-0.883107,-1.331000,-0.604513,-1.043675,0.484031,0.143927,1.327857,-0.744774,-1.632594,0.639723,-0.600633,-0.092771,-0.421627,-0.374513,0.432626,0.122031,1.499791,-0.642742,0.087104,0.480261,0.428886,-0.604404,0.677121,0.066719,1.221935,-0.576814,2.290220,-0.837275,1.013398,-0.123968,0.641623,-0.271236,-1.543096,1.522188,0.672755,-0.997879,1.188972,-1.249332,-0.264505,-2.784283,-0.830929,-3.324160,0.078724,0.436820,-0.570014,0.329609,0.945007,0.944978,0.413274,-1.411025,1.104543,-0.432973,0.073018,0.728936,0.668337,0.909110,1.026390,-0.272904,-0.165642,-0.741699,-1.277046,0.091221,1.163104,-0.293974,-0.150307,-0.263757,0.823126,-2.330476,-1.652340,-0.261049,-1.122919,-0.959225,-0.896032,0.103793,-0.528421,-0.900835,-1.886759,0.724835,0.763873,-1.221494,0.301467,0.120713,0.908357,-2.460787,-1.869125,-1.536545,-0.304951,0.090261,-0.506895,0.319565,-0.343163,1.648221,-1.240157,-1.903925,-0.758473,1.077068,-1.832592,-0.606969,0.784031,-0.709082,1.693717,-0.599576,-1.137459,-2.471280,-1.310422,-0.486381,2.480911,1.220239,0.504922,0.529010,-1.080889,0.678205,-2.659190,-0.802169,-0.097049,0.007116,-0.698752,1.060846,-0.756401,0.994272,-0.297643,-0.604016,0.473967,1.235272,-1.206897,1.425196,1.651312,-0.568353,0.463013,1.264669,-3.566175,-0.682057,-1.627305,-0.488510,-0.207964,-0.321727,0.208013,-0.741330
-0.224122,0.012652,-0.206117,1.479309,0.055285,-0.476973,0.457152,1.030289,-0.068449,1.658309,0.319115,-0.155929,-0.160849,-0.056291,-1.752931,-0.685988,-0.668141,0.835085,0.860447,-0.677950,-0.300999,3.285560,-1.033505,1.296487,0.304023,0.255187,-0.147425,-0.926912,-0.650788,-0.899258,0.396075,-0.380708,-0.676002,0.154751,-0.167840,1.861377,0.937135,0.502055,0.233980,-0.158771,-0.214764,0.342663,0.852633,0.130917,-0.454508,1.503053,0.112436,-0.612292,0.146616,-0.603241,0.778828,-1.079007,1.190206,0.198619,-0.221187,0.339272,1.024153,-0.252837,0.787192,-0.469190,-0.182771,0.968965,-1.314491,-0.240984,-0.609542,-5.187399,-0.922608,-0.300490,2.702504,0.453689,-0.158683,-1.614410,-0.625637,0.139976,-1.882689,2.512744,-0.097981,0.280928,-4.835701,1.166206,0.112913,-0.402887,0.517756,0.151821,0.836974,-0.324282,-0.774683,1.392703,-1.845186,1.750909,-0.841632,-0.815239,0.295111,-0.600313,-0.440358,0.043100,-0.165823,-0.537141,-0.344302,-0.256675,1.491906,-0.592280,1.216344,-1.960890,-1.061624,0.421378,-2.638746,-0.463027,-1.610671,-1.040235,1.690052,0.924270,-0.014302,-1.139701,1.510953,-0.859458,-0.559347,-0.689306,0.308557,0.236808,2.407393,0.799268,-0.507376,0.244105,1.042866,1.362739,0.034829,-0.131636,0.537717,-0.179918,-0.661258,1.235355,-0.597941,0.437631,0.495572,2.693565,0.093456,1.218404,1.305900,0.448075,0.921098,0.470464,0.517020,0.254528,1.178968,-0.094917,-0.620247,-0.214065,-0.548420,0.599483,-1.273168,-0.257856,-0.654588,0.790416,-0.490391,1.790033,1.585494,-2.392433,1.949652,0.778509,0.148845,-0.060679,-0.424312,-0.139213,1.296572,1.823150,-2.496972,0.412107,0.616309,0.499606,-2.209449,-0.735056,-1.063826,0.673293,1.954545,-0.189554,0.535472,-0.977276,-0.100796,0.073453,1.424563,-1.760539,0.599077,0.966810,0.637995,-1.754939,0.445876,-0.518514,-0.107243,-3.371183,0.269439,1.269988,-0.887702,-0.598631,-1.873690,1.869909,0.322257,-0.252068,-0.458989,-0.999225,-2.471657,-1.044353,-0.809594,-2.552635,0.244971,0.522465,-0.482386,0.750903,-0.572968,0.667849,-0.489057,-0.315126,-0.477482,0.430929,-0.721726,-0.704835,0.946798,-0.615582,-3.171966,1.003601,0.653303,-0.515804,0.248625,-0.674800,0.980650,1.081847,0.878279,-0.014030,-1.493020,-0.274447,2.009254,-0.142258,2.271763,0.825379,0.644431,-1.291673,-0.334522,0.993025,-1.971457,0.053222,-0.382170,-0.430959,-0.085967,1.347343,-0.259793,0.620550,0.436219,-0.099759,-1.211031,0.443688,-1.791912,-1.211456,0.310182,-0.370409,0.418781,1.383999
-0.925554,1.164528,0.706117,0.048081,-1.228912,0.903845,-0.138385,0.227609,0.879256,0.687577,-0.132512,-0.807439,0.183210,1.199414,-2.184716,-0.239307,-1.691332,1.109030,-2.542526,-1.895526,0.120153,-2.485376,-0.845194,-1.244400,0.855251,0.844592,-0.682957,0.924863,-3.457751,0.181479,-0.256663,0.692386,-0.017398,-1.375960,0.565277,-1.541398,0.264195,-0.254785,0.412403,0.217659,0.827003,0.409602,0.046065,1.478094,-0.117961,-1.323252,1.162851,-0.090506,-2.001535,-0.733226,-0.144320,0.014055,1.518365,0.068572,0.252235,0.776622,-0.106525,0.835711,0.251349,-1.541275,-0.335426,-0.035176,-1.535493,-0.396122,-1.303028,0.138599,-1.697771,-1.913695,-1.063547,0.503836,0.001763,0.192032,-0.134039,0.427415,0.775754,-1.287701,-0.019075,-0.436977,0.431293,0.518997,0.047450,-0.507355,1.065324,1.886866,-0.506275,-0.001572,-0.503570,-1.295784,0.622398,0.036861,0.134545,-1.192952,0.287706,-1.894406,-1.319388,1.747062,-0.329406,-0.186169,-0.545443,-0.842531,-0.607714,-0.763143,1.231141,1.023227,0.619563,-1.220676,-2.115119,0.337234,-1.857583,0.174837,0.798524,-1.544436,-0.418051,0.374922,0.238903,-0.551854,-0.031489,-0.055979,1.377733,0.254220,2.888768,-2.529645,-0.911669,-0.551826,0.398901,-0.391685,-1.140853,-1.318850,-0.526121,0.172829,1.258896,1.434168,0.975987,-0.415826,-0.023142,-0.511720,0.120547,7.005284,0.498198,-0.115656,0.325408,-2.503266,0.109152,-0.127673,1.331358,0.317217,-1.761172,-0.031298,0.750144,-0.813543,-1.256082,-1.967416,-1.603367,0.457895,1.044256,-0.269010,-0.394051,0.732151,0.306434,0.068602,-0.931450,-0.111534,-0.495401,-0.557275,0.696674,-0.288272,0.306136,-0.397338,0.124725,0.678328,0.312499,-1.444467,-0.335089,-0.093031,-0.099073,-0.533167,0.826463,0.625066,1.655757,0.170444,0.453557,-0.420577,-0.321506,1.150989,-0.092153,0.853843,-0.491383,3.690627,1.057008,-0.180841,0.636557,-0.466591,-0.120514,-1.826181,-1.161128,-0.610015,0.607306,-1.633661,0.752173,1.767874,-2.559212,1.573305,-0.798378,-0.987963,0.233678,-0.509440,0.302486,0.630530,0.081387,-0.965632,-2.117453,-1.673624,-2.377351,0.884454,-0.207828,1.655893,-0.830773,0.153509,-1.837283,0.149095,-0.111136,-0.299956,1.748217,1.423624,0.246954,1.056713,0.697538,0.973684,-1.320721,0.274125,-1.082490,-0.439611,-2.430334,-0.605031,-0.884132,2.408679,-1.753296,-0.081316,0.209115,-0.650977,0.175896,-0.331478,0.524579,-0.323675,-0.353458,-0.493100,-0.784012,0.128365,-0.122449,0.994712,-1.821256,-1.533408,0.264319,0.951144,-2.571077,0.786572
-0.869287,-0.207740,0.129335,0.312814,-0.293560,0.540336,0.852908,-0.634355,1.220515,-1.177134,0.183062,-1.146336,0.915194,1.382983,-0.501964,-0.087992,-1.320726,1.599967,-1.918188,-2.515666,-0.119698,-0.258854,-0.957668,-1.139666,-0.198805,0.195440,-0.374093,0.569432,1.661211,0.870224,0.047883,0.931208,-0.685927,-0.666173,-0.370874,-0.932343,0.711152,0.149260,0.875519,0.015422,-0.567684,0.216977,-0.520443,1.100217,0.877185,0.265094,-0.256575,-0.551743,-1.566028,0.779246,1.127014,0.680688,1.046539,-0.232163,-0.294807,2.087366,-0.290172,1.054481,0.065253,-1.242411,0.196499,0.659837,0.164322,-0.139612,-1.021033,-1.235718,-0.249109,1.811650,-1.535028,0.978430,0.618993,-0.869535,-0.013009,-0.178128,0.468852,-1.548071,-0.139347,-0.584384,-0.763020,0.226793,-0.335068,-0.327586,-0.356394,0.872427,-2.789572,0.368380,-0.516988,-1.822422,0.141876,0.830766,-0.569186,-1.353182,0.614101,-2.674483,-1.879063,-0.157585,-0.076434,-0.419335,0.364486,1.228434,-1.095825,-0.872036,-1.547350,1.327877,0.115005,-0.989038,-0.262213,0.330086,0.020391,-0.439211,1.677928,-2.121801,-0.469304,0.616285,-1.218284,-0.865074,-0.279529,0.310550,0.677122,-1.078926,0.062704,1.901879,-1.177867,-0.287300,1.106339,-0.446061,-0.246661,0.051901,1.189028,-0.135815,1.362136,0.698977,-0.454479,0.372582,-0.561621,-2.970128,0.112359,1.017584,0.410295,0.862902,0.177954,-0.704020,-0.473237,-1.088723,-0.048743,0.363065,0.158498,-0.658434,-2.260868,-0.877526,-1.031134,0.863772,2.910849,-0.180464,-0.763947,0.854406,-1.996295,1.292015,0.626648,-0.014470,-0.433578,0.514495,-0.357752,-0.715035,0.008800,-0.250891,-0.032705,0.769676,0.407605,-0.063261,-0.792292,-1.524299,-0.638307,0.390007,-0.549077,-1.077459,1.467324,0.290275,-0.293518,-0.495023,-1.580507,-0.704732,-0.586666,0.559395,-0.377881,-0.355010,-1.880039,0.584659,-0.195203,3.268947,0.087863,-0.503721,-0.207539,-0.837649,-1.735668,0.138964,1.509088,2.866751,-0.311151,1.147446,-0.320862,0.043690,-0.416243,-2.168999,0.466102,0.231961,-0.550128,-1.106208,1.052322,-1.740396,1.116584,1.228327,-0.138612,0.290305,-0.649120,-0.060005,-1.240503,0.062398,-0.735950,-0.071494,1.383762,0.971790,-0.066033,1.786268,-1.224706,1.495636,0.443329,0.512399,-0.060860,0.301925,0.534429,-0.131344,-1.834108,-1.252143,1.426896,0.636334,0.307612,-1.828401,0.037668,-0.523978,0.363321,0.648253,-0.816644,0.929968,0.587160,-0.145085,-1.295627,-0.932468,0.182213,0.308295,-1.639894,0.548926,0.311109,0.857822,-1.913408,0.854185
0.220160,-1.554157,1.103006,0.527597,-0.774623,0.496799,-0.041619,-0.204168,0.409729,0.014974,2.898708,-0.995417,-0.252770,-1.032187,0.279122,-0.261037,0.255869,0.377252,1.528277,-1.066057,-0.502880,-0.395368,-1.367958,-0.341499,0.748336,1.099742,-0.358544,0.085616,0.894859,0.846765,0.163332,0.697398,-0.971328,-0.308862,0.172450,-1.390459,-0.247822,-0.299014,-0.040021,1.097230,-0.818923,-0.522952,-0.774436,2.285223,0.448998,1.794346,0.775157,-0.100361,0.387973,0.130599,-0.967784,0.512805,-0.150680,0.403886,-0.278293,0.685480,1.342067,1.688078,-0.663455,-0.417813,-1.422913,0.076231,-1.142699,-0.256138,-0.425841,-0.789557,-1.872512,-1.720814,-0.423419,-0.786228,-1.923967,-1.661496,-0.295764,-0.278789,-0.268624,-0.357371,0.062541,-1.018287,-0.846302,-1.467109,-0.024999,-0.308842,-0.440286,0.271997,-2.026944,-0.400962,-0.280011,-3.090250,-0.215613,-0.373908,0.451542,-1.333814,0.126337,-0.773827,-3.005014,1.076090,-0.212792,-0.195387,0.817021,-0.162301,-0.794259,0.645748,0.147667,-0.580309,-0.630665,-0.272469,0.824639,-0.104846,-2.417443,0.129541,-0.101253,-0.378477,-0.620857,0.031560,-0.362857,-0.674895,-0.801221,0.024207,0.695272,-0.369514,0.948060,-1.148020,-0.451172,0.580193,-0.136537,-0.591798,0.145139,-0.658061,1.240876,-0.278253,0.867848,0.753445,-1.221536,0.240932,0.842655,-1.008193,-0.290793,0.032755,-0.468926,-0.083128,0.734903,0.419936,0.005408,-1.746476,0.106609,1.013331,-0.666135,-1.187581,-1.033900,-0.263285,-0.658361,-0.033301,-0.018365,1.437410,-0.628558,2.517017,-0.787386,-0.643795,1.626319,0.182668,-0.072812,-0.321894,-0.291446,-0.456303,-0.675325,-0.489955,-0.255650,2.254119,-0.100214,-0.610513,0.074476,-0.496304,-0.149788,-1.371263,-1.759868,0.005946,0.161041,-0.057742,-0.337428,-0.044869,-0.524270,-0.155281,0.189232,0.790917,0.705235,-0.049222,0.490683,-0.234472,0.843798,-1.000888,1.590623,-0.692937,-0.237140,0.574190,-2.373531,-0.210486,-0.091585,0.499607,-0.516905,0.475568,0.936120,-0.255673,-0.077083,-0.253509,0.367272,1.255821,-0.742278,-0.352649,1.099459,-1.592138,-1.271589,0.839597,-0.992813,-0.481051,-0.420688,2.749535,-0.828433,-0.682144,1.912323,0.778425,1.338039,0.782213,-0.697581,2.554717,-0.089457,-0.066350,-0.473260,-0.384408,-1.403802,-0.436729,0.139181,-0.474881,-0.868048,-2.623378,-1.551397,-0.414324,2.199319,-1.468354,-0.546074,0.153409,0.542842,-0.547578,-0.070294,-0.341253,-0.081297,-0.864082,1.001976,-0.350544,-0.492720,0.420588,-2.903241,0.618572,-0.283289,0.283720,-1.647227,0.786109
-0.477869,-0.415274,-2.343057,-1.276465,-0.836268,0.159083,-0.553414,-0.984400,-0.127595,1.144791,1.222742,1.431825,0.087794,-0.816353,1.399360,-0.758593,-1.399679,1.081447,-1.095226,1.334814,-1.448447,-1.884102,-1.082580,0.383377,-0.633600,-0.190494,0.360819,-0.555604,-0.119227,0.091472,0.071551,-0.114077,0.507335,-1.711169,-0.611372,-1.288233,0.819771,1.098131,-0.018517,-0.670750,1.620382,0.156590,0.240061,-0.705884,0.079835,1.224663,-1.412432,-0.753457,-0.889678,0.110438,-0.468433,-1.258012,1.428859,-1.038642,-0.793658,-1.596340,0.372542,0.660519,-0.283571,0.195129,-1.743094,-0.539358,1.238564,-0.371387,-2.156054,-0.578720,2.754114,1.214241,-1.605792,-0.038257,0.131169,-1.072660,0.644738,0.269577,1.747326,-0.847685,-0.377038,-2.120988,-0.430538,1.129715,-0.047741,-1.281916,1.702408,-2.845623,-0.490878,-0.173265,-0.870682,-0.246973,1.027449,0.612050,0.111614,0.980529,-0.013269,1.904856,-0.672566,1.661388,-0.106365,-0.838083,1.497643,1.016633,-0.168136,-0.867229,0.304947,-0.354345,0.347335,-0.361117,-0.480771,0.534295,1.192708,-0.761134,-0.003123,1.538165,1.029531,0.585180,-0.984714,-0.890118,-1.022146,0.207340,-0.896710,0.816103,-3.699181,-1.659716,1.588686,-0.393940,-0.452426,0.570308,0.941852,-0.969803,0.626528,0.064493,-0.820903,0.240623,0.681817,-0.695746,-0.316286,0.424465,-0.593524,-1.076874,-1.046311,-0.517285,-0.790575,-0.392457,0.532469,-0.585060,0.140850,-0.004318,2.477313,-1.308273,-1.219085,0.226831,1.368354,0.359770,0.534090,-3.794664,-0.132205,-0.988791,1.077345,2.219447,-2.032743,-2.569343,-0.149589,0.580487,-0.576974,0.702012,1.094610,1.147084,-1.549980,2.580240,-0.094231,0.608507,-1.035989,-0.242743,0.086961,0.104671,-2.600201,-1.433134,0.156224,0.563877,0.690465,-0.528752,-0.027301,-0.191921,-0.032983,0.161989,0.013651,-1.560444,0.041412,2.032780,-0.716783,2.541511,0.043189,0.578611,0.294946,2.023148,-0.545511,-1.385644,-0.467964,0.263759,-1.211237,-1.854330,-0.512654,0.126682,1.149194,-0.997582,0.074571,0.886505,0.907037,0.102068,2.684581,-1.291726,-1.408291,-3.210997,-0.933469,-0.207495,0.167521,-1.306207,-0.289705,0.287568,-1.364139,1.534513,0.185688,-2.002023,-0.449918,-0.172023,-1.591704,-0.820590,0.354598,0.432459,2.240120,-0.189341,-1.913975,-0.823666,-1.772749,-0.233230,1.723200,-0.315000,2.198209,0.058824,1.108216,1.593826,-1.303625,1.013759,-0.122773,1.800985,-0.080737,0.388418,-0.881417,-1.658352,-0.084748,-2.132067,-0.775641,-0.058658,-0.498521,-1.567308,2.872494,-1.566124
-0.497761,0.633218,-1.476588,-0.198606,-0.280065,-0.587349,0.308140,-0.798198,0.144558,-0.218259,-0.538410,0.874099,0.830934,-1.875440,0.402778,-0.504176,-1.268100,-2.253150,-1.854276,0.636629,-1.100994,-1.634870,-0.695163,2.230311,-1.648186,-0.087945,-0.036228,1.035706,-0.664028,0.816350,0.920145,0.935097,-0.011611,-1.550174,-0.396757,-1.062402,-0.382214,0.431295,-0.790205,0.167943,0.467257,0.006782,-0.567595,-0.764862,1.828320,0.581955,-1.339728,-0.375697,-1.745618,0.165566,-1.659476,-1.645450,-0.018845,-1.775210,-0.485904,-2.635312,-1.464184,0.695644,-0.328844,1.048237,0.605251,0.832561,1.766972,-0.391506,-1.255361,0.549863,-0.633477,-1.944426,-1.180980,-0.005948,1.358758,0.068338,-0.040680,0.344597,3.248989,-0.974785,-0.216526,-0.013355,0.287206,-0.722088,-0.027454,-0.902053,0.333585,1.391645,0.836212,1.175052,-0.388781,0.613315,0.493602,0.673894,1.169244,-0.172395,-0.188733,2.467359,1.902315,-2.092332,-0.274208,-0.318384,-1.490380,-0.045910,-0.091493,-1.987664,0.788454,0.108003,0.433277,0.314505,-0.632873,0.991364,0.631708,-0.592573,1.028671,-0.537793,-0.185602,0.808490,-0.074775,-0.562468,0.263993,-0.712951,-0.849908,-0.189755,2.008752,0.806800,1.434675,-0.642046,0.822044,0.343821,0.531966,-0.350982,-0.101744,0.361126,-0.015801,1.563206,-0.634204,1.239350,0.745006,3.035825,-0.393157,-2.194167,0.798657,-0.219765,0.631247,-0.971813,-0.865716,-1.743396,-3.086403,-0.151678,0.877718,-1.382934,-0.492014,0.189120,1.023319,-0.515074,0.142612,-2.810648,0.619586,-0.366620,-0.340926,3.091534,-1.264835,-1.266357,0.121546,0.186482,-0.489786,0.382678,-0.594651,0.448663,4.027794,0.553846,1.307579,0.115801,-0.032527,-2.006007,3.275084,-0.467526,-2.205967,0.071495,0.507912,-0.374148,-0.200688,0.427200,0.066651,-0.606900,-0.701054,-1.397635,-0.142810,1.787108,-0.069069,0.769061,-0.155518,0.659576,-1.158639,-0.029430,-0.103360,-0.716328,-0.988148,-1.080264,0.183986,0.253017,1.018528,-0.393735,0.814862,-0.944862,-0.298157,-0.665183,-0.589265,-0.102854,1.287941,1.439928,1.203508,-0.293130,-1.233929,-0.488390,-0.367622,1.412782,0.567446,1.798737,-0.739982,-0.809114,-0.400649,0.741350,-0.707772,-0.515832,-0.768431,-0.173878,-1.592124,0.186437,-0.894406,-1.629741,-0.844458,0.606214,-0.954588,-0.649915,0.842602,2.118497,-0.487058,-0.966382,-0.894865,1.633226,0.183856,0.840064,-0.656480,-0.611210,1.388181,1.685335,0.006491,0.126058,-0.155252,-0.260380,-0.491648,-0.361702,-0.980290,-2.371000,0.634876,-1.255850,0.247372,-2.063717
-0.728021,1.311873,-0.530761,0.106359,-1.503121,-0.689460,-0.680715,-0.573482,-1.374289,1.989315,2.669796,-0.208601,0.856849,0.499898,1.525053,-0.277486,0.494902,2.999176,1.698786,2.445571,-0.071327,3.303834,-1.392124,0.132801,0.684635,0.257396,-0.318125,1.100735,1.029360,-0.166716,0.666269,-0.620011,-0.856628,-1.106285,3.044645,1.334743,0.631116,1.303209,-0.378043,0.692364,-1.356812,0.644252,0.636207,-0.502138,0.172825,0.287003,-1.743639,-0.242763,1.334714,-0.007768,-0.385121,-0.655884,0.739553,-1.393059,-0.115296,-1.324194,-0.648607,0.176851,-1.560200,1.465014,-0.188027,-3.184678,0.163805,-1.028437,1.353203,-0.860240,0.114965,-1.036064,-1.008546,0.540244,-1.353844,-1.739339,0.460526,0.371150,-2.902610,-0.184896,0.070632,1.028031,-0.613508,1.373509,0.306042,-0.700638,-0.586353,0.359358,0.303933,-0.916979,-0.806499,2.195023,-1.296785,0.920056,0.589749,0.260800,0.419701,0.924547,-1.046628,-1.375096,-0.053311,-0.712659,0.226726,-0.659430,1.612900,1.196288,1.115977,-0.543464,-1.333419,1.686319,-3.813649,-0.396400,-0.813254,-1.129902,1.532412,-0.509808,0.531034,-0.540073,1.946168,-0.993270,-1.622941,-0.212284,0.402797,0.086363,-0.062681,-1.144969,-0.505192,0.179684,-0.661255,0.326145,-1.778685,-0.339329,0.537779,0.376337,1.066569,-0.859090,-1.415078,-1.583894,3.774533,1.265762,0.324988,-1.817920,-0.402113,0.593879,-0.352382,-0.897597,1.336874,0.097905,-0.555987,-0.943501,0.056750,-1.967618,-1.647236,-0.271542,-1.489172,-1.717942,-0.874563,2.436995,0.443956,2.335545,0.882748,-2.718492,-1.930303,-2.271719,-0.285807,0.568669,-0.181219,-1.006039,1.644796,-0.026865,-0.093910,2.081964,0.463788,0.170769,0.893999,0.370839,-0.921451,-0.634054,1.638488,-0.094777,1.493512,0.399591,0.754949,-1.079787,0.821200,-0.204515,0.820806,0.522770,0.393052,-1.462024,-0.945932,-0.299629,-0.765513,-1.735933,1.499729,0.216681,-2.104343,-0.589079,0.241635,1.400468,0.433325,0.793677,-0.372271,1.814471,-2.640495,-2.394576,0.602435,-1.106703,1.512191,0.324336,-3.292853,-0.491669,1.025300,-1.552775,-0.528891,-0.969460,-0.880789,1.431870,0.307717,-0.439078,0.357679,0.174778,-4.018302,0.574407,0.645780,-1.979078,-1.175600,0.910837,-1.153934,1.265648,-0.994344,0.144354,-0.418244,0.310915,-1.801743,-0.464171,2.785090,-3.866990,-0.270112,-0.234576,-1.018333,1.012277,0.524620,-0.463321,-1.685234,1.296203,0.871794,0.154923,-1.731418,-2.346698,2.548401,-0.885939,-1.448527,-0.298678,-0.517587,-0.113537,-0.222724,-0.003123,0.524300,1.340542
